Section,user_id
Project Description,639944972
Project Overview,639944972
Project Scope,639944972
Project Description,639945018
Project Overview,639945018
Project Scope,639945018
Project Description,639945024
Project Overview,639945024
Project Scope,639945024
Project Description,639945030
Project Overview,639945030
Project Scope,639945030
Project Description,639945040
Project Overview,639945040
Project Scope,639945040
Project Description,639945042
Project Overview,639945042
Project Scope,639945042
Project Description,639945059
Project Overview,639945059
Project Scope,639945059
Project Description,639945064
Project Overview,639945064
Project Scope,639945064
Project Scope,639945080
Project Description,639945094
Project Overview,639945094
Project Scope,639945094
Project Description,639945098
Project Overview,639945098
Project Scope,639945098
Project Description,639945100
Project Overview,639945100
Project Scope,639945100
Project Description,639945111
Project Overview,639945111
Project Scope,639945111
Project Description,639945216
Project Overview,639945216
Project Scope,639945216
Project Description,639945226
Project Overview,639945226
Project Scope,639945226
Project Description,639945230
Project Overview,639945230
Project Scope,639945230
Project Description,639945242
Project Overview,639945242
Project Scope,639945242
Project Description,639945249
Project Overview,639945249
Project Scope,639945249
Project Description,639945259
Project Overview,639945259
Project Scope,639945259
Project Description,639945263
Project Overview,639945263
Project Scope,639945263
Project Description,639945279
Project Overview,639945279
Project Scope,639945279
Project Description,639945281
Project Overview,639945281
Project Scope,639945281
Project Description,639945285
Project Overview,639945285
Project Scope,639945285
Project Overview,639945297
Project Description,639945313
Project Overview,639945313
Project Scope,639945313
Project Description,639945318
Project Overview,639945318
Project Scope,639945318
Project Description,639945327
Project Overview,639945327
Project Scope,639945327
Project Description,639945331
Project Overview,639945331
Project Scope,639945331
Project Description,639945332
Project Overview,639945332
Project Scope,639945332
Project Description,639945516
Project Overview,639945516
Project Scope,639945516
Project Description,639945523
Project Overview,639945523
Project Scope,639945523
