Organization Name,TI Eligibility
1ST CARE MEDICAL CLINIC,Y1 - Adult BH: No Application;Y2 - Adult BH: No Application;Y1 - Adult PCP: Eligible;Y2 - Adult PCP: Eligible;Y1 - Justice: No Application;Y2 - Justice: No Application;Y1 - Peds BH: No Application;Y2 - Peds BH: No Application;Y1 - Peds PCP: Eligible;Y2 - Peds PCP: Eligible
A NEW LEAF INC,Y1 - Adult BH: No Application;Y2 - Adult BH: No Application;Y1 - Adult PCP: No Application;Y2 - Adult PCP: No Application;Y1 - Justice: No Application;Y2 - Justice: No Application;Y1 - Peds BH: Eligible;Y2 - Peds BH: Withdrawn;Y1 - Peds PCP: No Application;Y2 - Peds PCP: No Application
ACCU CARE URGENT CARE LLC,Y1 - Adult BH: No Application;Y2 - Adult BH: No Application;Y1 - Adult PCP: Eligible;Y2 - Adult PCP: Eligible;Y1 - Justice: No Application;Y2 - Justice: No Application;Y1 - Peds BH: No Application;Y2 - Peds BH: No Application;Y1 - Peds PCP: No Application;Y2 - Peds PCP: No Application
ADELANTE HEALTHCARE INC,Y1 - Adult BH: Eligible;Y2 - Adult BH: Eligible;Y1 - Adult PCP: Eligible;Y2 - Adult PCP: Eligible;Y1 - Justice: No Application;Y2 - Justice: No Application;Y1 - Peds BH: Eligible;Y2 - Peds BH: Eligible;Y1 - Peds PCP: Eligible;Y2 - Peds PCP: Eligible
ADVENTURE ABA,Y1 - Adult BH: Rejected;Y2 - Adult BH: Rejected;Y1 - Adult PCP: No Application;Y2 - Adult PCP: No Application;Y1 - Justice: No Application;Y2 - Justice: No Application;Y1 - Peds BH: Rejected;Y2 - Peds BH: Rejected;Y1 - Peds PCP: No Application;Y2 - Peds PCP: No Application
ALIA FAMILY PRACTICE INC,Y1 - Adult BH: No Application;Y2 - Adult BH: No Application;Y1 - Adult PCP: Eligible;Y2 - Adult PCP: Eligible;Y1 - Justice: No Application;Y2 - Justice: No Application;Y1 - Peds BH: No Application;Y2 - Peds BH: No Application;Y1 - Peds PCP: No Application;Y2 - Peds PCP: No Application
ALIUM HEALTH LLC,Y1 - Adult BH: Eligible;Y2 - Adult BH: Eligible;Y1 - Adult PCP: Eligible;Y2 - Adult PCP: Eligible;Y1 - Justice: No Application;Y2 - Justice: No Application;Y1 - Peds BH: No Application;Y2 - Peds BH: No Application;Y1 - Peds PCP: No Application;Y2 - Peds PCP: No Application
ARBOR MEDICAL PARTNERS LLC,Y1 - Adult BH: No Application;Y2 - Adult BH: No Application;Y1 - Adult PCP: No Application;Y2 - Adult PCP: No Application;Y1 - Justice: No Application;Y2 - Justice: No Application;Y1 - Peds BH: No Application;Y2 - Peds BH: No Application;Y1 - Peds PCP: Eligible;Y2 - Peds PCP: Eligible
ARIZONA COMMUNITY PHYSICIANS,Y1 - Adult BH: No Application;Y2 - Adult BH: No Application;Y1 - Adult PCP: No Application;Y2 - Adult PCP: No Application;Y1 - Justice: No Application;Y2 - Justice: No Application;Y1 - Peds BH: No Application;Y2 - Peds BH: No Application;Y1 - Peds PCP: Eligible;Y2 - Peds PCP: Eligible
ARIZONAS CHILDREN ASSOC,Y1 - Adult BH: No Application;Y2 - Adult BH: No Application;Y1 - Adult PCP: No Application;Y2 - Adult PCP: No Application;Y1 - Justice: No Application;Y2 - Justice: No Application;Y1 - Peds BH: Withdrawn;Y2 - Peds BH: Withdrawn;Y1 - Peds PCP: No Application;Y2 - Peds PCP: No Application
ARIZONAS NEW HOPE,Y1 - Adult BH: Rejected;Y2 - Adult BH: Rejected;Y1 - Adult PCP: No Application;Y2 - Adult PCP: No Application;Y1 - Justice: No Application;Y2 - Justice: No Application;Y1 - Peds BH: Rejected;Y2 - Peds BH: Rejected;Y1 - Peds PCP: No Application;Y2 - Peds PCP: No Application
ASSURANCE ASSERTIVE COMM TRTMN,Y1 - Adult BH: Eligible;Y2 - Adult BH: Eligible;Y1 - Adult PCP: Eligible;Y2 - Adult PCP: Eligible;Y1 - Justice: No Application;Y2 - Justice: No Application;Y1 - Peds BH: No Application;Y2 - Peds BH: No Application;Y1 - Peds PCP: No Application;Y2 - Peds PCP: No Application
AURORA BEHAVIORAL HEALTH SYS,Y1 - Adult BH: Eligible;Y2 - Adult BH: Eligible;Y1 - Adult PCP: No Application;Y2 - Adult PCP: No Application;Y1 - Justice: No Application;Y2 - Justice: No Application;Y1 - Peds BH: Eligible;Y2 - Peds BH: Eligible;Y1 - Peds PCP: No Application;Y2 - Peds PCP: No Application
AURORA BEHAVIORAL HEALTHCARE,Y1 - Adult BH: Eligible;Y2 - Adult BH: Eligible;Y1 - Adult PCP: No Application;Y2 - Adult PCP: No Application;Y1 - Justice: No Application;Y2 - Justice: No Application;Y1 - Peds BH: Eligible;Y2 - Peds BH: Eligible;Y1 - Peds PCP: No Application;Y2 - Peds PCP: No Application
"Another Level of Community Service, LLC",Y1 - Adult BH: No Application;Y2 - Adult BH: No Application;Y1 - Adult PCP: No Application;Y2 - Adult PCP: No Application;Y1 - Justice: No Application;Y2 - Justice: No Application;Y1 - Peds BH: No Application;Y2 - Peds BH: No Application;Y1 - Peds PCP: No Application;Y2 - Peds PCP: No Application
Aviva Children Services,Y1 - Adult BH: No Application;Y2 - Adult BH: No Application;Y1 - Adult PCP: No Application;Y2 - Adult PCP: No Application;Y1 - Justice: No Application;Y2 - Justice: No Application;Y1 - Peds BH: Eligible;Y2 - Peds BH: Eligible;Y1 - Peds PCP: No Application;Y2 - Peds PCP: No Application
BANNER PHYSICIAN SPECIALISTS,Y1 - Adult BH: Rejected;Y2 - Adult BH: Rejected;Y1 - Adult PCP: No Application;Y2 - Adult PCP: No Application;Y1 - Justice: No Application;Y2 - Justice: No Application;Y1 - Peds BH: No Application;Y2 - Peds BH: No Application;Y1 - Peds PCP: No Application;Y2 - Peds PCP: No Application
BANNER PRIMARY CARE PHYSICIANS,Y1 - Adult BH: No Application;Y2 - Adult BH: No Application;Y1 - Adult PCP: Eligible;Y2 - Adult PCP: Eligible;Y1 - Justice: No Application;Y2 - Justice: No Application;Y1 - Peds BH: No Application;Y2 - Peds BH: No Application;Y1 - Peds PCP: No Application;Y2 - Peds PCP: No Application
BANNER UNIV PRIMARY CARE PHYS,Y1 - Adult BH: No Application;Y2 - Adult BH: No Application;Y1 - Adult PCP: Eligible;Y2 - Adult PCP: Eligible;Y1 - Justice: No Application;Y2 - Justice: No Application;Y1 - Peds BH: No Application;Y2 - Peds BH: No Application;Y1 - Peds PCP: No Application;Y2 - Peds PCP: No Application
BANNER-UNIVERSITY MEDICAL GRP,Y1 - Adult BH: Eligible;Y2 - Adult BH: Eligible;Y1 - Adult PCP: Eligible;Y2 - Adult PCP: Eligible;Y1 - Justice: No Application;Y2 - Justice: No Application;Y1 - Peds BH: No Application;Y2 - Peds BH: No Application;Y1 - Peds PCP: Eligible;Y2 - Peds PCP: Eligible
BEHAVIORAL CONSULTATION SERVIC,Y1 - Adult BH: Eligible;Y2 - Adult BH: Eligible;Y1 - Adult PCP: No Application;Y2 - Adult PCP: No Application;Y1 - Justice: No Application;Y2 - Justice: No Application;Y1 - Peds BH: Eligible;Y2 - Peds BH: Eligible;Y1 - Peds PCP: No Application;Y2 - Peds PCP: No Application
BEIAS FAMILIES,Y1 - Adult BH: No Application;Y2 - Adult BH: No Application;Y1 - Adult PCP: No Application;Y2 - Adult PCP: No Application;Y1 - Justice: No Application;Y2 - Justice: No Application;Y1 - Peds BH: No Application;Y2 - Peds BH: No Application;Y1 - Peds PCP: No Application;Y2 - Peds PCP: No Application
BETHESDA PEDIATRICS OF QUEEN C,Y1 - Adult BH: No Application;Y2 - Adult BH: No Application;Y1 - Adult PCP: No Application;Y2 - Adult PCP: No Application;Y1 - Justice: No Application;Y2 - Justice: No Application;Y1 - Peds BH: No Application;Y2 - Peds BH: No Application;Y1 - Peds PCP: Eligible;Y2 - Peds PCP: Eligible
BRAIN SOLUTIONS PLLC,Y1 - Adult BH: Rejected;Y2 - Adult BH: Rejected;Y1 - Adult PCP: No Application;Y2 - Adult PCP: No Application;Y1 - Justice: No Application;Y2 - Justice: No Application;Y1 - Peds BH: No Application;Y2 - Peds BH: No Application;Y1 - Peds PCP: No Application;Y2 - Peds PCP: No Application
BUILDING BLOCKS COUNSELING LLC,Y1 - Adult BH: No Application;Y2 - Adult BH: No Application;Y1 - Adult PCP: No Application;Y2 - Adult PCP: No Application;Y1 - Justice: Eligible;Y2 - Justice: Eligible;Y1 - Peds BH: No Application;Y2 - Peds BH: No Application;Y1 - Peds PCP: No Application;Y2 - Peds PCP: No Application
CACTUS CHILDRENS CLINIC,Y1 - Adult BH: No Application;Y2 - Adult BH: No Application;Y1 - Adult PCP: No Application;Y2 - Adult PCP: No Application;Y1 - Justice: No Application;Y2 - Justice: No Application;Y1 - Peds BH: No Application;Y2 - Peds BH: No Application;Y1 - Peds PCP: Eligible;Y2 - Peds PCP: Eligible
CALLIE PEDIATRICS PC,Y1 - Adult BH: No Application;Y2 - Adult BH: No Application;Y1 - Adult PCP: No Application;Y2 - Adult PCP: No Application;Y1 - Justice: No Application;Y2 - Justice: No Application;Y1 - Peds BH: No Application;Y2 - Peds BH: No Application;Y1 - Peds PCP: Eligible;Y2 - Peds PCP: Eligible
CANYON PEDIATRICS INC,Y1 - Adult BH: No Application;Y2 - Adult BH: No Application;Y1 - Adult PCP: No Application;Y2 - Adult PCP: No Application;Y1 - Justice: No Application;Y2 - Justice: No Application;Y1 - Peds BH: No Application;Y2 - Peds BH: No Application;Y1 - Peds PCP: Eligible;Y2 - Peds PCP: Eligible
CANYONLANDS COMMUNITY HEALTH,Y1 - Adult BH: No Application;Y2 - Adult BH: No Application;Y1 - Adult PCP: Rejected;Y2 - Adult PCP: Rejected;Y1 - Justice: No Application;Y2 - Justice: No Application;Y1 - Peds BH: No Application;Y2 - Peds BH: No Application;Y1 - Peds PCP: No Application;Y2 - Peds PCP: No Application
CASA DE LOS NINOS,Y1 - Adult BH: Eligible;Y2 - Adult BH: Eligible;Y1 - Adult PCP: No Application;Y2 - Adult PCP: No Application;Y1 - Justice: No Application;Y2 - Justice: No Application;Y1 - Peds BH: Eligible;Y2 - Peds BH: Eligible;Y1 - Peds PCP: No Application;Y2 - Peds PCP: No Application
CENTRAL ARIZONA SHELTER SERVIC,Y1 - Adult BH: No Application;Y2 - Adult BH: Eligible;Y1 - Adult PCP: No Application;Y2 - Adult PCP: No Application;Y1 - Justice: No Application;Y2 - Justice: No Application;Y1 - Peds BH: No Application;Y2 - Peds BH: No Application;Y1 - Peds PCP: No Application;Y2 - Peds PCP: No Application
CENTRAL ARIZONA SHELTER SERVICES,Y1 - Adult BH: No Application;Y2 - Adult BH: No Application;Y1 - Adult PCP: No Application;Y2 - Adult PCP: No Application;Y1 - Justice: No Application;Y2 - Justice: No Application;Y1 - Peds BH: No Application;Y2 - Peds BH: No Application;Y1 - Peds PCP: No Application;Y2 - Peds PCP: No Application
CENTRAL PHOENIX FAMILY MEDICI,Y1 - Adult BH: No Application;Y2 - Adult BH: No Application;Y1 - Adult PCP: Eligible;Y2 - Adult PCP: Eligible;Y1 - Justice: No Application;Y2 - Justice: No Application;Y1 - Peds BH: No Application;Y2 - Peds BH: No Application;Y1 - Peds PCP: No Application;Y2 - Peds PCP: No Application
CHANDLER PEDIATRICS LLC,Y1 - Adult BH: No Application;Y2 - Adult BH: No Application;Y1 - Adult PCP: No Application;Y2 - Adult PCP: No Application;Y1 - Justice: No Application;Y2 - Justice: No Application;Y1 - Peds BH: No Application;Y2 - Peds BH: No Application;Y1 - Peds PCP: Eligible;Y2 - Peds PCP: Eligible
CHANGEPOINT INTEGRATED HEALTH,Y1 - Adult BH: Eligible;Y2 - Adult BH: Eligible;Y1 - Adult PCP: No Application;Y2 - Adult PCP: No Application;Y1 - Justice: No Application;Y2 - Justice: No Application;Y1 - Peds BH: Eligible;Y2 - Peds BH: Eligible;Y1 - Peds PCP: No Application;Y2 - Peds PCP: No Application
CHICANOS POR LA CAUSA INC,Y1 - Adult BH: Eligible;Y2 - Adult BH: Eligible;Y1 - Adult PCP: No Application;Y2 - Adult PCP: No Application;Y1 - Justice: No Application;Y2 - Justice: No Application;Y1 - Peds BH: No Application;Y2 - Peds BH: No Application;Y1 - Peds PCP: No Application;Y2 - Peds PCP: No Application
CHILD & FAMILY SUPPORT SERVICE,Y1 - Adult BH: No Application;Y2 - Adult BH: No Application;Y1 - Adult PCP: No Application;Y2 - Adult PCP: No Application;Y1 - Justice: No Application;Y2 - Justice: No Application;Y1 - Peds BH: Eligible;Y2 - Peds BH: Eligible;Y1 - Peds PCP: No Application;Y2 - Peds PCP: No Application
CHILDREN'S CLINICS FOR REHAB,Y1 - Adult BH: No Application;Y2 - Adult BH: No Application;Y1 - Adult PCP: No Application;Y2 - Adult PCP: No Application;Y1 - Justice: No Application;Y2 - Justice: No Application;Y1 - Peds BH: No Application;Y2 - Peds BH: No Application;Y1 - Peds PCP: Eligible;Y2 - Peds PCP: Eligible
CLEARPATH FAMILY HEALTHCARE LT,Y1 - Adult BH: No Application;Y2 - Adult BH: No Application;Y1 - Adult PCP: Eligible;Y2 - Adult PCP: Eligible;Y1 - Justice: No Application;Y2 - Justice: No Application;Y1 - Peds BH: No Application;Y2 - Peds BH: No Application;Y1 - Peds PCP: No Application;Y2 - Peds PCP: No Application
CLINICA HISPANA OF WEST VALLEY,Y1 - Adult BH: No Application;Y2 - Adult BH: No Application;Y1 - Adult PCP: No Application;Y2 - Adult PCP: No Application;Y1 - Justice: No Application;Y2 - Justice: No Application;Y1 - Peds BH: No Application;Y2 - Peds BH: No Application;Y1 - Peds PCP: Eligible;Y2 - Peds PCP: Eligible
CLINICA LA FAMILIA PC,Y1 - Adult BH: No Application;Y2 - Adult BH: No Application;Y1 - Adult PCP: Eligible;Y2 - Adult PCP: Eligible;Y1 - Justice: No Application;Y2 - Justice: No Application;Y1 - Peds BH: No Application;Y2 - Peds BH: No Application;Y1 - Peds PCP: No Application;Y2 - Peds PCP: No Application
CODAC HEALTH RECOVERY & WELLN,Y1 - Adult BH: Eligible;Y2 - Adult BH: Eligible;Y1 - Adult PCP: Eligible;Y2 - Adult PCP: Eligible;Y1 - Justice: No Application;Y2 - Justice: No Application;Y1 - Peds BH: No Application;Y2 - Peds BH: No Application;Y1 - Peds PCP: No Application;Y2 - Peds PCP: No Application
COLORADO RIVER BEHAVIORAL HEAL,Y1 - Adult BH: Eligible;Y2 - Adult BH: Eligible;Y1 - Adult PCP: No Application;Y2 - Adult PCP: No Application;Y1 - Justice: No Application;Y2 - Justice: No Application;Y1 - Peds BH: No Application;Y2 - Peds BH: No Application;Y1 - Peds PCP: No Application;Y2 - Peds PCP: No Application
COLORADO RIVER PEDIATRICS LLC,Y1 - Adult BH: No Application;Y2 - Adult BH: No Application;Y1 - Adult PCP: No Application;Y2 - Adult PCP: No Application;Y1 - Justice: No Application;Y2 - Justice: No Application;Y1 - Peds BH: No Application;Y2 - Peds BH: No Application;Y1 - Peds PCP: Rejected;Y2 - Peds PCP: Rejected
COMMUNITY 43,Y1 - Adult BH: Eligible;Y2 - Adult BH: Eligible;Y1 - Adult PCP: No Application;Y2 - Adult PCP: No Application;Y1 - Justice: No Application;Y2 - Justice: No Application;Y1 - Peds BH: No Application;Y2 - Peds BH: No Application;Y1 - Peds PCP: No Application;Y2 - Peds PCP: No Application
COMMUNITY BRIDGES INC,Y1 - Adult BH: Eligible;Y2 - Adult BH: Eligible;Y1 - Adult PCP: Eligible;Y2 - Adult PCP: Eligible;Y1 - Justice: Eligible;Y2 - Justice: Eligible;Y1 - Peds BH: Eligible;Y2 - Peds BH: Eligible;Y1 - Peds PCP: Eligible;Y2 - Peds PCP: Eligible
COMMUNITY INTERVENTION ASSOC,Y1 - Adult BH: Eligible;Y2 - Adult BH: Eligible;Y1 - Adult PCP: Eligible;Y2 - Adult PCP: Eligible;Y1 - Justice: Eligible;Y2 - Justice: Eligible;Y1 - Peds BH: No Application;Y2 - Peds BH: No Application;Y1 - Peds PCP: No Application;Y2 - Peds PCP: No Application
COMMUNITY PARTNERS INTER,Y1 - Adult BH: Eligible;Y2 - Adult BH: Eligible;Y1 - Adult PCP: Eligible;Y2 - Adult PCP: Eligible;Y1 - Justice: Eligible;Y2 - Justice: Eligible;Y1 - Peds BH: Eligible;Y2 - Peds BH: Eligible;Y1 - Peds PCP: Eligible;Y2 - Peds PCP: Eligible
COMPASS RECOVERY CENTER LLC,Y1 - Adult BH: Eligible;Y2 - Adult BH: Eligible;Y1 - Adult PCP: No Application;Y2 - Adult PCP: No Application;Y1 - Justice: No Application;Y2 - Justice: No Application;Y1 - Peds BH: No Application;Y2 - Peds BH: No Application;Y1 - Peds PCP: No Application;Y2 - Peds PCP: No Application
COOLIDGE PEDIATRICS,Y1 - Adult BH: No Application;Y2 - Adult BH: No Application;Y1 - Adult PCP: No Application;Y2 - Adult PCP: No Application;Y1 - Justice: No Application;Y2 - Justice: No Application;Y1 - Peds BH: No Application;Y2 - Peds BH: No Application;Y1 - Peds PCP: Eligible;Y2 - Peds PCP: Eligible
COPE COMMUNITY SERVICES INC,Y1 - Adult BH: Eligible;Y2 - Adult BH: Eligible;Y1 - Adult PCP: Eligible;Y2 - Adult PCP: Eligible;Y1 - Justice: Eligible;Y2 - Justice: Eligible;Y1 - Peds BH: Eligible;Y2 - Peds BH: Eligible;Y1 - Peds PCP: No Application;Y2 - Peds PCP: No Application
CORAZON INC,Y1 - Adult BH: Eligible;Y2 - Adult BH: Withdrawn;Y1 - Adult PCP: No Application;Y2 - Adult PCP: No Application;Y1 - Justice: No Application;Y2 - Justice: No Application;Y1 - Peds BH: Eligible;Y2 - Peds BH: Withdrawn;Y1 - Peds PCP: No Application;Y2 - Peds PCP: No Application
COUNTY OF YAVAPAI,Y1 - Adult BH: No Application;Y2 - Adult BH: No Application;Y1 - Adult PCP: Rejected;Y2 - Adult PCP: Rejected;Y1 - Justice: No Application;Y2 - Justice: No Application;Y1 - Peds BH: No Application;Y2 - Peds BH: No Application;Y1 - Peds PCP: Rejected;Y2 - Peds PCP: Rejected
CRISIS PREPARATION & RECOVERY,Y1 - Adult BH: Eligible;Y2 - Adult BH: Eligible;Y1 - Adult PCP: No Application;Y2 - Adult PCP: No Application;Y1 - Justice: No Application;Y2 - Justice: No Application;Y1 - Peds BH: No Application;Y2 - Peds BH: No Application;Y1 - Peds PCP: No Application;Y2 - Peds PCP: No Application
CROSSROADS INC,Y1 - Adult BH: Eligible;Y2 - Adult BH: Eligible;Y1 - Adult PCP: No Application;Y2 - Adult PCP: No Application;Y1 - Justice: No Application;Y2 - Justice: No Application;Y1 - Peds BH: No Application;Y2 - Peds BH: No Application;Y1 - Peds PCP: No Application;Y2 - Peds PCP: No Application
Choose Life Wellness,Y1 - Adult BH: No Application;Y2 - Adult BH: Eligible;Y1 - Adult PCP: No Application;Y2 - Adult PCP: No Application;Y1 - Justice: No Application;Y2 - Justice: No Application;Y1 - Peds BH: No Application;Y2 - Peds BH: No Application;Y1 - Peds PCP: No Application;Y2 - Peds PCP: No Application
DENOVA COLLABORATIVE HEALTH LL,Y1 - Adult BH: Eligible;Y2 - Adult BH: Eligible;Y1 - Adult PCP: Eligible;Y2 - Adult PCP: Eligible;Y1 - Justice: No Application;Y2 - Justice: No Application;Y1 - Peds BH: Eligible;Y2 - Peds BH: Eligible;Y1 - Peds PCP: Eligible;Y2 - Peds PCP: Eligible
DESERT HAVEN ADULT CARE HOME,Y1 - Adult BH: No Application;Y2 - Adult BH: No Application;Y1 - Adult PCP: Rejected;Y2 - Adult PCP: Rejected;Y1 - Justice: No Application;Y2 - Justice: No Application;Y1 - Peds BH: No Application;Y2 - Peds BH: No Application;Y1 - Peds PCP: No Application;Y2 - Peds PCP: No Application
DESERT SHORES PEDIATRICS PC,Y1 - Adult BH: No Application;Y2 - Adult BH: No Application;Y1 - Adult PCP: No Application;Y2 - Adult PCP: No Application;Y1 - Justice: No Application;Y2 - Justice: No Application;Y1 - Peds BH: No Application;Y2 - Peds BH: No Application;Y1 - Peds PCP: Eligible;Y2 - Peds PCP: Eligible
DESERT VALLEY PEDIATRICS,Y1 - Adult BH: No Application;Y2 - Adult BH: No Application;Y1 - Adult PCP: No Application;Y2 - Adult PCP: No Application;Y1 - Justice: No Application;Y2 - Justice: No Application;Y1 - Peds BH: No Application;Y2 - Peds BH: No Application;Y1 - Peds PCP: Eligible;Y2 - Peds PCP: Eligible
DEVEREUX FOUNDATION,Y1 - Adult BH: No Application;Y2 - Adult BH: No Application;Y1 - Adult PCP: No Application;Y2 - Adult PCP: No Application;Y1 - Justice: No Application;Y2 - Justice: No Application;Y1 - Peds BH: Eligible;Y2 - Peds BH: Eligible;Y1 - Peds PCP: No Application;Y2 - Peds PCP: No Application
DISTRICT MEDICAL GROUP INC,Y1 - Adult BH: No Application;Y2 - Adult BH: No Application;Y1 - Adult PCP: No Application;Y2 - Adult PCP: No Application;Y1 - Justice: No Application;Y2 - Justice: No Application;Y1 - Peds BH: Eligible;Y2 - Peds BH: Eligible;Y1 - Peds PCP: Eligible;Y2 - Peds PCP: Eligible
DOUG MAREADY MD PLLC,Y1 - Adult BH: No Application;Y2 - Adult BH: No Application;Y1 - Adult PCP: Withdrawn;Y2 - Adult PCP: Withdrawn;Y1 - Justice: No Application;Y2 - Justice: No Application;Y1 - Peds BH: No Application;Y2 - Peds BH: No Application;Y1 - Peds PCP: No Application;Y2 - Peds PCP: No Application
EASTER SEALS BLAKE FOUNDATION,Y1 - Adult BH: Eligible;Y2 - Adult BH: Eligible;Y1 - Adult PCP: Eligible;Y2 - Adult PCP: Eligible;Y1 - Justice: No Application;Y2 - Justice: No Application;Y1 - Peds BH: Eligible;Y2 - Peds BH: Eligible;Y1 - Peds PCP: Eligible;Y2 - Peds PCP: Eligible
EBONY HOUSE INC,Y1 - Adult BH: Eligible;Y2 - Adult BH: Eligible;Y1 - Adult PCP: No Application;Y2 - Adult PCP: No Application;Y1 - Justice: No Application;Y2 - Justice: No Application;Y1 - Peds BH: No Application;Y2 - Peds BH: No Application;Y1 - Peds PCP: No Application;Y2 - Peds PCP: No Application
EMPACT-SPC INC,Y1 - Adult BH: Eligible;Y2 - Adult BH: Eligible;Y1 - Adult PCP: Eligible;Y2 - Adult PCP: Eligible;Y1 - Justice: No Application;Y2 - Justice: No Application;Y1 - Peds BH: Eligible;Y2 - Peds BH: Eligible;Y1 - Peds PCP: No Application;Y2 - Peds PCP: No Application
ESPANGELIA PROPERTIES LLC,Y1 - Adult BH: No Application;Y2 - Adult BH: No Application;Y1 - Adult PCP: Rejected;Y2 - Adult PCP: Rejected;Y1 - Justice: No Application;Y2 - Justice: No Application;Y1 - Peds BH: No Application;Y2 - Peds BH: No Application;Y1 - Peds PCP: Rejected;Y2 - Peds PCP: Rejected
FAMILY SERVICE AGENCY,Y1 - Adult BH: Eligible;Y2 - Adult BH: Eligible;Y1 - Adult PCP: No Application;Y2 - Adult PCP: No Application;Y1 - Justice: No Application;Y2 - Justice: No Application;Y1 - Peds BH: Eligible;Y2 - Peds BH: Eligible;Y1 - Peds PCP: No Application;Y2 - Peds PCP: No Application
FELIZ CARE CENTERS PLLC,Y1 - Adult BH: No Application;Y2 - Adult BH: No Application;Y1 - Adult PCP: Eligible;Y2 - Adult PCP: Eligible;Y1 - Justice: No Application;Y2 - Justice: No Application;Y1 - Peds BH: No Application;Y2 - Peds BH: No Application;Y1 - Peds PCP: No Application;Y2 - Peds PCP: No Application
FORTYTHIRD MEDICAL ASSOCIATES,Y1 - Adult BH: Rejected;Y2 - Adult BH: Rejected;Y1 - Adult PCP: Rejected;Y2 - Adult PCP: Rejected;Y1 - Justice: Rejected;Y2 - Justice: Rejected;Y1 - Peds BH: Rejected;Y2 - Peds BH: Rejected;Y1 - Peds PCP: Rejected;Y2 - Peds PCP: Rejected
Family Services Agency,Y1 - Adult BH: No Application;Y2 - Adult BH: No Application;Y1 - Adult PCP: No Application;Y2 - Adult PCP: No Application;Y1 - Justice: No Application;Y2 - Justice: No Application;Y1 - Peds BH: No Application;Y2 - Peds BH: No Application;Y1 - Peds PCP: No Application;Y2 - Peds PCP: No Application
GILA INTERNAL MEDICINE,Y1 - Adult BH: No Application;Y2 - Adult BH: No Application;Y1 - Adult PCP: Eligible;Y2 - Adult PCP: Eligible;Y1 - Justice: No Application;Y2 - Justice: No Application;Y1 - Peds BH: No Application;Y2 - Peds BH: No Application;Y1 - Peds PCP: No Application;Y2 - Peds PCP: No Application
GLENDALE PEDIATRICS LLC,Y1 - Adult BH: No Application;Y2 - Adult BH: No Application;Y1 - Adult PCP: Eligible;Y2 - Adult PCP: Eligible;Y1 - Justice: No Application;Y2 - Justice: No Application;Y1 - Peds BH: No Application;Y2 - Peds BH: No Application;Y1 - Peds PCP: Eligible;Y2 - Peds PCP: Eligible
GOLDEN HEALTH INITIATIVE INC,Y1 - Adult BH: Rejected;Y2 - Adult BH: Rejected;Y1 - Adult PCP: Rejected;Y2 - Adult PCP: Rejected;Y1 - Justice: Rejected;Y2 - Justice: Rejected;Y1 - Peds BH: Rejected;Y2 - Peds BH: Rejected;Y1 - Peds PCP: Rejected;Y2 - Peds PCP: Rejected
GOOD HEALTH MEDICAL,Y1 - Adult BH: No Application;Y2 - Adult BH: No Application;Y1 - Adult PCP: Eligible;Y2 - Adult PCP: Eligible;Y1 - Justice: No Application;Y2 - Justice: No Application;Y1 - Peds BH: No Application;Y2 - Peds BH: No Application;Y1 - Peds PCP: No Application;Y2 - Peds PCP: No Application
GUIDING TOUCH BEHAVIORAL HEALT,Y1 - Adult BH: Rejected;Y2 - Adult BH: Rejected;Y1 - Adult PCP: No Application;Y2 - Adult PCP: No Application;Y1 - Justice: No Application;Y2 - Justice: No Application;Y1 - Peds BH: No Application;Y2 - Peds BH: No Application;Y1 - Peds PCP: No Application;Y2 - Peds PCP: No Application
HEALING HEARTS PEDIATRIC PLC,Y1 - Adult BH: No Application;Y2 - Adult BH: No Application;Y1 - Adult PCP: No Application;Y2 - Adult PCP: No Application;Y1 - Justice: No Application;Y2 - Justice: No Application;Y1 - Peds BH: No Application;Y2 - Peds BH: No Application;Y1 - Peds PCP: Eligible;Y2 - Peds PCP: Eligible
HEALTHY LIFE CORPORATION,Y1 - Adult BH: No Application;Y2 - Adult BH: No Application;Y1 - Adult PCP: Rejected;Y2 - Adult PCP: Rejected;Y1 - Justice: No Application;Y2 - Justice: No Application;Y1 - Peds BH: No Application;Y2 - Peds BH: No Application;Y1 - Peds PCP: Rejected;Y2 - Peds PCP: Rejected
HEALTHYU FAMILY MEDICINE LLC,Y1 - Adult BH: No Application;Y2 - Adult BH: No Application;Y1 - Adult PCP: Eligible;Y2 - Adult PCP: Eligible;Y1 - Justice: No Application;Y2 - Justice: No Application;Y1 - Peds BH: No Application;Y2 - Peds BH: No Application;Y1 - Peds PCP: Eligible;Y2 - Peds PCP: Eligible
HERITAGE TECHNOLOGIES LLC,Y1 - Adult BH: No Application;Y2 - Adult BH: No Application;Y1 - Adult PCP: Eligible;Y2 - Adult PCP: Eligible;Y1 - Justice: No Application;Y2 - Justice: No Application;Y1 - Peds BH: No Application;Y2 - Peds BH: No Application;Y1 - Peds PCP: No Application;Y2 - Peds PCP: No Application
HOLON HEALTH GREAT LAKES PC,Y1 - Adult BH: No Application;Y2 - Adult BH: No Application;Y1 - Adult PCP: Eligible;Y2 - Adult PCP: Eligible;Y1 - Justice: No Application;Y2 - Justice: No Application;Y1 - Peds BH: No Application;Y2 - Peds BH: No Application;Y1 - Peds PCP: Eligible;Y2 - Peds PCP: Eligible
HONORHEALTH MEDICAL GROUP LLC,Y1 - Adult BH: No Application;Y2 - Adult BH: No Application;Y1 - Adult PCP: Eligible;Y2 - Adult PCP: Eligible;Y1 - Justice: No Application;Y2 - Justice: No Application;Y1 - Peds BH: No Application;Y2 - Peds BH: No Application;Y1 - Peds PCP: No Application;Y2 - Peds PCP: No Application
HORIZON HEALTH & WELLNESS INC,Y1 - Adult BH: Eligible;Y2 - Adult BH: Eligible;Y1 - Adult PCP: No Application;Y2 - Adult PCP: No Application;Y1 - Justice: No Application;Y2 - Justice: No Application;Y1 - Peds BH: Eligible;Y2 - Peds BH: Eligible;Y1 - Peds PCP: Eligible;Y2 - Peds PCP: Eligible
HUMAN RESOURCES TRAINING INC,Y1 - Adult BH: Eligible;Y2 - Adult BH: Eligible;Y1 - Adult PCP: No Application;Y2 - Adult PCP: No Application;Y1 - Justice: No Application;Y2 - Justice: No Application;Y1 - Peds BH: Eligible;Y2 - Peds BH: Eligible;Y1 - Peds PCP: No Application;Y2 - Peds PCP: No Application
INTEGRATED MEDICAL SERVICES IN,Y1 - Adult BH: No Application;Y2 - Adult BH: No Application;Y1 - Adult PCP: Eligible;Y2 - Adult PCP: Eligible;Y1 - Justice: No Application;Y2 - Justice: No Application;Y1 - Peds BH: No Application;Y2 - Peds BH: No Application;Y1 - Peds PCP: No Application;Y2 - Peds PCP: No Application
INTERMOUNTAIN CNT FOR HUM,Y1 - Adult BH: Eligible;Y2 - Adult BH: Eligible;Y1 - Adult PCP: No Application;Y2 - Adult PCP: No Application;Y1 - Justice: No Application;Y2 - Justice: No Application;Y1 - Peds BH: Eligible;Y2 - Peds BH: Eligible;Y1 - Peds PCP: No Application;Y2 - Peds PCP: No Application
INTERMOUNTAIN HEALTH CENTER,Y1 - Adult BH: Eligible;Y2 - Adult BH: Eligible;Y1 - Adult PCP: No Application;Y2 - Adult PCP: No Application;Y1 - Justice: No Application;Y2 - Justice: No Application;Y1 - Peds BH: Eligible;Y2 - Peds BH: Eligible;Y1 - Peds PCP: No Application;Y2 - Peds PCP: No Application
ITS POSSIBLE COMMUNITY SERVICE,Y1 - Adult BH: Rejected;Y2 - Adult BH: Rejected;Y1 - Adult PCP: No Application;Y2 - Adult PCP: No Application;Y1 - Justice: No Application;Y2 - Justice: No Application;Y1 - Peds BH: No Application;Y2 - Peds BH: No Application;Y1 - Peds PCP: No Application;Y2 - Peds PCP: No Application
JADE HEALTH AND WELLNESS,Y1 - Adult BH: Rejected;Y2 - Adult BH: Rejected;Y1 - Adult PCP: No Application;Y2 - Adult PCP: No Application;Y1 - Justice: Rejected;Y2 - Justice: Rejected;Y1 - Peds BH: Rejected;Y2 - Peds BH: Rejected;Y1 - Peds PCP: No Application;Y2 - Peds PCP: No Application
JEWISH FAMILY & CHILDRENS SERV,Y1 - Adult BH: Eligible;Y2 - Adult BH: Eligible;Y1 - Adult PCP: No Application;Y2 - Adult PCP: No Application;Y1 - Justice: No Application;Y2 - Justice: No Application;Y1 - Peds BH: Eligible;Y2 - Peds BH: Eligible;Y1 - Peds PCP: No Application;Y2 - Peds PCP: No Application
JOSE FRANCISCO CARRAZCO MD,Y1 - Adult BH: No Application;Y2 - Adult BH: No Application;Y1 - Adult PCP: No Application;Y2 - Adult PCP: No Application;Y1 - Justice: No Application;Y2 - Justice: No Application;Y1 - Peds BH: No Application;Y2 - Peds BH: No Application;Y1 - Peds PCP: Eligible;Y2 - Peds PCP: Eligible
JOYD CARE LLC,Y1 - Adult BH: No Application;Y2 - Adult BH: No Application;Y1 - Adult PCP: No Application;Y2 - Adult PCP: No Application;Y1 - Justice: Rejected;Y2 - Justice: Rejected;Y1 - Peds BH: No Application;Y2 - Peds BH: No Application;Y1 - Peds PCP: No Application;Y2 - Peds PCP: No Application
KIDS AND FAMILY KARE LLC,Y1 - Adult BH: No Application;Y2 - Adult BH: No Application;Y1 - Adult PCP: Eligible;Y2 - Adult PCP: Eligible;Y1 - Justice: No Application;Y2 - Justice: No Application;Y1 - Peds BH: No Application;Y2 - Peds BH: No Application;Y1 - Peds PCP: Eligible;Y2 - Peds PCP: Eligible
KINGMAN HOSPITAL INC,Y1 - Adult BH: No Application;Y2 - Adult BH: No Application;Y1 - Adult PCP: Eligible;Y2 - Adult PCP: Eligible;Y1 - Justice: No Application;Y2 - Justice: No Application;Y1 - Peds BH: No Application;Y2 - Peds BH: No Application;Y1 - Peds PCP: No Application;Y2 - Peds PCP: No Application
KYRENE INTERNAL MEDICINE PLLC,Y1 - Adult BH: No Application;Y2 - Adult BH: No Application;Y1 - Adult PCP: Eligible;Y2 - Adult PCP: Eligible;Y1 - Justice: No Application;Y2 - Justice: No Application;Y1 - Peds BH: No Application;Y2 - Peds BH: No Application;Y1 - Peds PCP: No Application;Y2 - Peds PCP: No Application
LA FRONTERA CENTER INC,Y1 - Adult BH: Eligible;Y2 - Adult BH: Eligible;Y1 - Adult PCP: Eligible;Y2 - Adult PCP: Eligible;Y1 - Justice: No Application;Y2 - Justice: No Application;Y1 - Peds BH: Eligible;Y2 - Peds BH: Eligible;Y1 - Peds PCP: No Application;Y2 - Peds PCP: No Application
LIFELINE PROFESSIONAL COUNSELI,Y1 - Adult BH: Eligible;Y2 - Adult BH: Eligible;Y1 - Adult PCP: No Application;Y2 - Adult PCP: No Application;Y1 - Justice: No Application;Y2 - Justice: No Application;Y1 - Peds BH: Eligible;Y2 - Peds BH: Eligible;Y1 - Peds PCP: No Application;Y2 - Peds PCP: No Application
LIFEWELL,Y1 - Adult BH: Eligible;Y2 - Adult BH: Eligible;Y1 - Adult PCP: Eligible;Y2 - Adult PCP: Eligible;Y1 - Justice: No Application;Y2 - Justice: No Application;Y1 - Peds BH: No Application;Y2 - Peds BH: No Application;Y1 - Peds PCP: No Application;Y2 - Peds PCP: No Application
LOTUS BEHAVIORAL HEALTH SERVIC,Y1 - Adult BH: Eligible;Y2 - Adult BH: Eligible;Y1 - Adult PCP: No Application;Y2 - Adult PCP: No Application;Y1 - Justice: No Application;Y2 - Justice: No Application;Y1 - Peds BH: Eligible;Y2 - Peds BH: Eligible;Y1 - Peds PCP: No Application;Y2 - Peds PCP: No Application
LUCAS S CANTON MD,Y1 - Adult BH: No Application;Y2 - Adult BH: No Application;Y1 - Adult PCP: No Application;Y2 - Adult PCP: No Application;Y1 - Justice: No Application;Y2 - Justice: No Application;Y1 - Peds BH: No Application;Y2 - Peds BH: No Application;Y1 - Peds PCP: Eligible;Y2 - Peds PCP: Eligible
LUIS LOPEZ,Y1 - Adult BH: No Application;Y2 - Adult BH: No Application;Y1 - Adult PCP: Eligible;Y2 - Adult PCP: Eligible;Y1 - Justice: No Application;Y2 - Justice: No Application;Y1 - Peds BH: No Application;Y2 - Peds BH: No Application;Y1 - Peds PCP: No Application;Y2 - Peds PCP: No Application
Little Colorado (CBI),Y1 - Adult BH: Eligible;Y2 - Adult BH: Eligible;Y1 - Adult PCP: No Application;Y2 - Adult PCP: No Application;Y1 - Justice: No Application;Y2 - Justice: No Application;Y1 - Peds BH: Eligible;Y2 - Peds BH: Eligible;Y1 - Peds PCP: No Application;Y2 - Peds PCP: No Application
MARC COMMUNITY RESOURCES INC,Y1 - Adult BH: Eligible;Y2 - Adult BH: Eligible;Y1 - Adult PCP: No Application;Y2 - Adult PCP: No Application;Y1 - Justice: No Application;Y2 - Justice: No Application;Y1 - Peds BH: No Application;Y2 - Peds BH: No Application;Y1 - Peds PCP: No Application;Y2 - Peds PCP: No Application
MARICOPA COUNTY SPECIAL HEALTH,Y1 - Adult BH: Eligible;Y2 - Adult BH: Eligible;Y1 - Adult PCP: Eligible;Y2 - Adult PCP: Eligible;Y1 - Justice: Eligible;Y2 - Justice: Eligible;Y1 - Peds BH: Eligible;Y2 - Peds BH: Eligible;Y1 - Peds PCP: Eligible;Y2 - Peds PCP: Eligible
MARIPOSA CHC,Y1 - Adult BH: No Application;Y2 - Adult BH: No Application;Y1 - Adult PCP: No Application;Y2 - Adult PCP: No Application;Y1 - Justice: Eligible;Y2 - Justice: Eligible;Y1 - Peds BH: No Application;Y2 - Peds BH: No Application;Y1 - Peds PCP: No Application;Y2 - Peds PCP: No Application
MARYVALE PEDIATRIC CLINIC,Y1 - Adult BH: No Application;Y2 - Adult BH: No Application;Y1 - Adult PCP: No Application;Y2 - Adult PCP: No Application;Y1 - Justice: No Application;Y2 - Justice: No Application;Y1 - Peds BH: No Application;Y2 - Peds BH: No Application;Y1 - Peds PCP: Rejected;Y2 - Peds PCP: Rejected
MD HOMECARE LLC,Y1 - Adult BH: Rejected;Y2 - Adult BH: Rejected;Y1 - Adult PCP: Rejected;Y2 - Adult PCP: Rejected;Y1 - Justice: No Application;Y2 - Justice: No Application;Y1 - Peds BH: No Application;Y2 - Peds BH: No Application;Y1 - Peds PCP: No Application;Y2 - Peds PCP: No Application
MERCY GRACE PRIVATE PRACTICE,Y1 - Adult BH: No Application;Y2 - Adult BH: No Application;Y1 - Adult PCP: Eligible;Y2 - Adult PCP: Eligible;Y1 - Justice: No Application;Y2 - Justice: No Application;Y1 - Peds BH: No Application;Y2 - Peds BH: No Application;Y1 - Peds PCP: Eligible;Y2 - Peds PCP: Eligible
MIKID MENTALLY ILL KIDS IN DIS,Y1 - Adult BH: No Application;Y2 - Adult BH: No Application;Y1 - Adult PCP: No Application;Y2 - Adult PCP: No Application;Y1 - Justice: No Application;Y2 - Justice: No Application;Y1 - Peds BH: Eligible;Y2 - Peds BH: Eligible;Y1 - Peds PCP: No Application;Y2 - Peds PCP: No Application
MIND 247 PRACTICE LLC,Y1 - Adult BH: Eligible;Y2 - Adult BH: Eligible;Y1 - Adult PCP: No Application;Y2 - Adult PCP: No Application;Y1 - Justice: No Application;Y2 - Justice: No Application;Y1 - Peds BH: Eligible;Y2 - Peds BH: Eligible;Y1 - Peds PCP: No Application;Y2 - Peds PCP: No Application
MOMDOC LLC,Y1 - Adult BH: No Application;Y2 - Adult BH: No Application;Y1 - Adult PCP: Eligible;Y2 - Adult PCP: Eligible;Y1 - Justice: No Application;Y2 - Justice: No Application;Y1 - Peds BH: No Application;Y2 - Peds BH: No Application;Y1 - Peds PCP: No Application;Y2 - Peds PCP: No Application
MOUNTAIN VIEW PEDIATRICS PC,Y1 - Adult BH: No Application;Y2 - Adult BH: No Application;Y1 - Adult PCP: No Application;Y2 - Adult PCP: No Application;Y1 - Justice: No Application;Y2 - Justice: No Application;Y1 - Peds BH: No Application;Y2 - Peds BH: Eligible;Y1 - Peds PCP: Eligible;Y2 - Peds PCP: Eligible
MS PHYSICIANS GROUP PC,Y1 - Adult BH: No Application;Y2 - Adult BH: No Application;Y1 - Adult PCP: Rejected;Y2 - Adult PCP: Rejected;Y1 - Justice: No Application;Y2 - Justice: No Application;Y1 - Peds BH: No Application;Y2 - Peds BH: No Application;Y1 - Peds PCP: No Application;Y2 - Peds PCP: No Application
MY BEHAVIORAL HEALTH TREATMENT,Y1 - Adult BH: Rejected;Y2 - Adult BH: Rejected;Y1 - Adult PCP: No Application;Y2 - Adult PCP: No Application;Y1 - Justice: No Application;Y2 - Justice: No Application;Y1 - Peds BH: No Application;Y2 - Peds BH: No Application;Y1 - Peds PCP: No Application;Y2 - Peds PCP: No Application
NATIONAL COUNCIL ON ALCOHOLISM,Y1 - Adult BH: Eligible;Y2 - Adult BH: Eligible;Y1 - Adult PCP: No Application;Y2 - Adult PCP: No Application;Y1 - Justice: No Application;Y2 - Justice: No Application;Y1 - Peds BH: No Application;Y2 - Peds BH: No Application;Y1 - Peds PCP: No Application;Y2 - Peds PCP: No Application
NATIVE AMERICAN CONNECTIONS,Y1 - Adult BH: Eligible;Y2 - Adult BH: Eligible;Y1 - Adult PCP: Eligible;Y2 - Adult PCP: Eligible;Y1 - Justice: No Application;Y2 - Justice: No Application;Y1 - Peds BH: No Application;Y2 - Peds BH: No Application;Y1 - Peds PCP: No Application;Y2 - Peds PCP: No Application
NEIGHBORHOOD OUTREACH ACCESS T,Y1 - Adult BH: No Application;Y2 - Adult BH: No Application;Y1 - Adult PCP: No Application;Y2 - Adult PCP: No Application;Y1 - Justice: Eligible;Y2 - Justice: Eligible;Y1 - Peds BH: No Application;Y2 - Peds BH: No Application;Y1 - Peds PCP: No Application;Y2 - Peds PCP: No Application
NEW FREEDOM OPS LLC,Y1 - Adult BH: Rejected;Y2 - Adult BH: Rejected;Y1 - Adult PCP: No Application;Y2 - Adult PCP: No Application;Y1 - Justice: Rejected;Y2 - Justice: Rejected;Y1 - Peds BH: No Application;Y2 - Peds BH: No Application;Y1 - Peds PCP: No Application;Y2 - Peds PCP: No Application
NEW HORIZON YOUTH HOMES,Y1 - Adult BH: No Application;Y2 - Adult BH: No Application;Y1 - Adult PCP: No Application;Y2 - Adult PCP: No Application;Y1 - Justice: No Application;Y2 - Justice: No Application;Y1 - Peds BH: Eligible;Y2 - Peds BH: Eligible;Y1 - Peds PCP: No Application;Y2 - Peds PCP: No Application
NICHOLAS BUJAK MD PLLC,Y1 - Adult BH: No Application;Y2 - Adult BH: No Application;Y1 - Adult PCP: Eligible;Y2 - Adult PCP: Eligible;Y1 - Justice: No Application;Y2 - Justice: No Application;Y1 - Peds BH: No Application;Y2 - Peds BH: No Application;Y1 - Peds PCP: No Application;Y2 - Peds PCP: No Application
NORTHERN ARIZONA HEALTHCARE,Y1 - Adult BH: Eligible;Y2 - Adult BH: Eligible;Y1 - Adult PCP: Eligible;Y2 - Adult PCP: Eligible;Y1 - Justice: No Application;Y2 - Justice: No Application;Y1 - Peds BH: Eligible;Y2 - Peds BH: Eligible;Y1 - Peds PCP: Eligible;Y2 - Peds PCP: Eligible
NORTHSIGHT RECOVERY LLC,Y1 - Adult BH: No Application;Y2 - Adult BH: No Application;Y1 - Adult PCP: No Application;Y2 - Adult PCP: No Application;Y1 - Justice: Eligible;Y2 - Justice: Eligible;Y1 - Peds BH: No Application;Y2 - Peds BH: No Application;Y1 - Peds PCP: No Application;Y2 - Peds PCP: No Application
NOVIS VITA,Y1 - Adult BH: Withdrawn;Y2 - Adult BH: Withdrawn;Y1 - Adult PCP: No Application;Y2 - Adult PCP: No Application;Y1 - Justice: No Application;Y2 - Justice: No Application;Y1 - Peds BH: No Application;Y2 - Peds BH: No Application;Y1 - Peds PCP: No Application;Y2 - Peds PCP: No Application
Nomi Health,Y1 - Adult BH: No Application;Y2 - Adult BH: Eligible;Y1 - Adult PCP: Withdrawn;Y2 - Adult PCP: Withdrawn;Y1 - Justice: No Application;Y2 - Justice: Eligible;Y1 - Peds BH: No Application;Y2 - Peds BH: No Application;Y1 - Peds PCP: No Application;Y2 - Peds PCP: No Application
ONYX BEHAVIORAL HEALTH SOLUTIO,Y1 - Adult BH: Rejected;Y2 - Adult BH: Rejected;Y1 - Adult PCP: No Application;Y2 - Adult PCP: No Application;Y1 - Justice: No Application;Y2 - Justice: No Application;Y1 - Peds BH: No Application;Y2 - Peds BH: No Application;Y1 - Peds PCP: No Application;Y2 - Peds PCP: No Application
OPEN HEARTS,Y1 - Adult BH: No Application;Y2 - Adult BH: No Application;Y1 - Adult PCP: No Application;Y2 - Adult PCP: No Application;Y1 - Justice: No Application;Y2 - Justice: No Application;Y1 - Peds BH: Eligible;Y2 - Peds BH: Eligible;Y1 - Peds PCP: No Application;Y2 - Peds PCP: No Application
PAPA BEAR PEDIATRICS LLC,Y1 - Adult BH: No Application;Y2 - Adult BH: No Application;Y1 - Adult PCP: No Application;Y2 - Adult PCP: No Application;Y1 - Justice: No Application;Y2 - Justice: No Application;Y1 - Peds BH: No Application;Y2 - Peds BH: No Application;Y1 - Peds PCP: Eligible;Y2 - Peds PCP: Eligible
PARTNERS IN RECOVERY LLC,Y1 - Adult BH: Eligible;Y2 - Adult BH: Eligible;Y1 - Adult PCP: Eligible;Y2 - Adult PCP: Eligible;Y1 - Justice: No Application;Y2 - Justice: No Application;Y1 - Peds BH: No Application;Y2 - Peds BH: No Application;Y1 - Peds PCP: No Application;Y2 - Peds PCP: No Application
PATHWAYS OF ARIZONA INC,Y1 - Adult BH: Eligible;Y2 - Adult BH: Eligible;Y1 - Adult PCP: No Application;Y2 - Adult PCP: No Application;Y1 - Justice: No Application;Y2 - Justice: No Application;Y1 - Peds BH: Eligible;Y2 - Peds BH: Eligible;Y1 - Peds PCP: No Application;Y2 - Peds PCP: No Application
PEDIATRICS GPS INC,Y1 - Adult BH: No Application;Y2 - Adult BH: No Application;Y1 - Adult PCP: No Application;Y2 - Adult PCP: No Application;Y1 - Justice: No Application;Y2 - Justice: No Application;Y1 - Peds BH: No Application;Y2 - Peds BH: No Application;Y1 - Peds PCP: Eligible;Y2 - Peds PCP: Eligible
PHOENICIAN MEDICAL CENTER INC,Y1 - Adult BH: No Application;Y2 - Adult BH: No Application;Y1 - Adult PCP: Eligible;Y2 - Adult PCP: Eligible;Y1 - Justice: No Application;Y2 - Justice: No Application;Y1 - Peds BH: No Application;Y2 - Peds BH: No Application;Y1 - Peds PCP: No Application;Y2 - Peds PCP: No Application
PHOENIX CHILDRENS HOSP.,Y1 - Adult BH: No Application;Y2 - Adult BH: No Application;Y1 - Adult BH: No Application;Y2 - Adult BH: No Application;Y1 - Adult PCP: No Application;Y2 - Adult PCP: No Application;Y1 - Adult PCP: No Application;Y2 - Adult PCP: No Application;Y1 - Justice: No Application;Y2 - Justice: No Application;Y1 - Justice: No Application;Y2 - Justice: No Application;Y1 - Peds BH: No Application;Y2 - Peds BH: No Application;Y1 - Peds BH: No Application;Y2 - Peds BH: No Application;Y1 - Peds PCP: Eligible;Y2 - Peds PCP: Eligible;Y1 - Peds PCP: Rejected;Y2 - Peds PCP: Rejected
PHOENIX FAMILY MEDICAL CARE,Y1 - Adult BH: No Application;Y2 - Adult BH: No Application;Y1 - Adult PCP: Eligible;Y2 - Adult PCP: Eligible;Y1 - Justice: No Application;Y2 - Justice: No Application;Y1 - Peds BH: No Application;Y2 - Peds BH: No Application;Y1 - Peds PCP: No Application;Y2 - Peds PCP: No Application
PHOENIX NEUROLOGICAL INSTITUTE,Y1 - Adult BH: Rejected;Y2 - Adult BH: Rejected;Y1 - Adult PCP: No Application;Y2 - Adult PCP: No Application;Y1 - Justice: No Application;Y2 - Justice: No Application;Y1 - Peds BH: No Application;Y2 - Peds BH: No Application;Y1 - Peds PCP: No Application;Y2 - Peds PCP: No Application
PHOENIX PEDIATRICS LTD,Y1 - Adult BH: No Application;Y2 - Adult BH: No Application;Y1 - Adult PCP: No Application;Y2 - Adult PCP: No Application;Y1 - Justice: No Application;Y2 - Justice: No Application;Y1 - Peds BH: No Application;Y2 - Peds BH: No Application;Y1 - Peds PCP: Rejected;Y2 - Peds PCP: Rejected
PINAL HISPANIC COUNCIL,Y1 - Adult BH: Eligible;Y2 - Adult BH: Eligible;Y1 - Adult PCP: Eligible;Y2 - Adult PCP: Eligible;Y1 - Justice: Eligible;Y2 - Justice: Eligible;Y1 - Peds BH: Eligible;Y2 - Peds BH: Eligible;Y1 - Peds PCP: Eligible;Y2 - Peds PCP: Eligible
PINNACLE FAMILY MEDICINE PLC,Y1 - Adult BH: No Application;Y2 - Adult BH: No Application;Y1 - Adult PCP: Eligible;Y2 - Adult PCP: Eligible;Y1 - Justice: No Application;Y2 - Justice: No Application;Y1 - Peds BH: No Application;Y2 - Peds BH: No Application;Y1 - Peds PCP: No Application;Y2 - Peds PCP: No Application
PLEASANT PEDIATRICS PLC,Y1 - Adult BH: No Application;Y2 - Adult BH: No Application;Y1 - Adult PCP: No Application;Y2 - Adult PCP: No Application;Y1 - Justice: No Application;Y2 - Justice: No Application;Y1 - Peds BH: No Application;Y2 - Peds BH: No Application;Y1 - Peds PCP: Eligible;Y2 - Peds PCP: Eligible
PREMIER MEDICAL GROUP LLC,Y1 - Adult BH: No Application;Y2 - Adult BH: No Application;Y1 - Adult PCP: Withdrawn;Y2 - Adult PCP: Withdrawn;Y1 - Justice: No Application;Y2 - Justice: No Application;Y1 - Peds BH: No Application;Y2 - Peds BH: No Application;Y1 - Peds PCP: Withdrawn;Y2 - Peds PCP: Withdrawn
PRESCOTT HEALTHCARE SOLUTIONS,Y1 - Adult BH: No Application;Y2 - Adult BH: No Application;Y1 - Adult PCP: Eligible;Y2 - Adult PCP: Eligible;Y1 - Justice: No Application;Y2 - Justice: No Application;Y1 - Peds BH: No Application;Y2 - Peds BH: No Application;Y1 - Peds PCP: No Application;Y2 - Peds PCP: No Application
PSA BEHAVIORAL HEALTH AGENCY,Y1 - Adult BH: Eligible;Y2 - Adult BH: Eligible;Y1 - Adult PCP: No Application;Y2 - Adult PCP: No Application;Y1 - Justice: No Application;Y2 - Justice: No Application;Y1 - Peds BH: Eligible;Y2 - Peds BH: Eligible;Y1 - Peds PCP: No Application;Y2 - Peds PCP: No Application
Paper Cranes Healthcare LLC,Y1 - Adult BH: No Application;Y2 - Adult BH: No Application;Y1 - Adult PCP: Eligible;Y2 - Adult PCP: Eligible;Y1 - Justice: No Application;Y2 - Justice: No Application;Y1 - Peds BH: No Application;Y2 - Peds BH: No Application;Y1 - Peds PCP: Eligible;Y2 - Peds PCP: Eligible
Paramount Recovery Center LLC dba The PAC Program Tempe,Y1 - Adult BH: Rejected;Y2 - Adult BH: Rejected;Y1 - Adult PCP: No Application;Y2 - Adult PCP: No Application;Y1 - Justice: No Application;Y2 - Justice: No Application;Y1 - Peds BH: No Application;Y2 - Peds BH: No Application;Y1 - Peds PCP: No Application;Y2 - Peds PCP: No Application
RAGHAV LLC,Y1 - Adult BH: Withdrawn;Y2 - Adult BH: Withdrawn;Y1 - Adult PCP: Withdrawn;Y2 - Adult PCP: Withdrawn;Y1 - Justice: No Application;Y2 - Justice: No Application;Y1 - Peds BH: No Application;Y2 - Peds BH: No Application;Y1 - Peds PCP: No Application;Y2 - Peds PCP: No Application
RAJIV PARIKH MD PC,Y1 - Adult BH: No Application;Y2 - Adult BH: No Application;Y1 - Adult PCP: Eligible;Y2 - Adult PCP: Eligible;Y1 - Justice: No Application;Y2 - Justice: No Application;Y1 - Peds BH: No Application;Y2 - Peds BH: No Application;Y1 - Peds PCP: No Application;Y2 - Peds PCP: No Application
RECOVERY INNOVATIONS INC,Y1 - Adult BH: Eligible;Y2 - Adult BH: Eligible;Y1 - Adult PCP: No Application;Y2 - Adult PCP: No Application;Y1 - Justice: No Application;Y2 - Justice: No Application;Y1 - Peds BH: No Application;Y2 - Peds BH: No Application;Y1 - Peds PCP: No Application;Y2 - Peds PCP: No Application
RECOVIA LLC,Y1 - Adult BH: Eligible;Y2 - Adult BH: Eligible;Y1 - Adult PCP: No Application;Y2 - Adult PCP: No Application;Y1 - Justice: No Application;Y2 - Justice: No Application;Y1 - Peds BH: No Application;Y2 - Peds BH: No Application;Y1 - Peds PCP: No Application;Y2 - Peds PCP: No Application
RISE ORTHO & SPORTS,Y1 - Adult BH: No Application;Y2 - Adult BH: No Application;Y1 - Adult PCP: Rejected;Y2 - Adult PCP: Rejected;Y1 - Justice: No Application;Y2 - Justice: No Application;Y1 - Peds BH: No Application;Y2 - Peds BH: No Application;Y1 - Peds PCP: No Application;Y2 - Peds PCP: No Application
RODD AKING,Y1 - Adult BH: No Application;Y2 - Adult BH: No Application;Y1 - Adult PCP: Eligible;Y2 - Adult PCP: Eligible;Y1 - Justice: No Application;Y2 - Justice: No Application;Y1 - Peds BH: No Application;Y2 - Peds BH: No Application;Y1 - Peds PCP: No Application;Y2 - Peds PCP: No Application
Roya Health,Y1 - Adult BH: No Application;Y2 - Adult BH: No Application;Y1 - Adult PCP: No Application;Y2 - Adult PCP: No Application;Y1 - Justice: No Application;Y2 - Justice: No Application;Y1 - Peds BH: No Application;Y2 - Peds BH: No Application;Y1 - Peds PCP: No Application;Y2 - Peds PCP: No Application
SAGE COUNSELING,Y1 - Adult BH: Eligible;Y2 - Adult BH: Eligible;Y1 - Adult PCP: No Application;Y2 - Adult PCP: No Application;Y1 - Justice: No Application;Y2 - Justice: No Application;Y1 - Peds BH: No Application;Y2 - Peds BH: No Application;Y1 - Peds PCP: No Application;Y2 - Peds PCP: No Application
SAN LUIS WALK IN CLINIC INC,Y1 - Adult BH: No Application;Y2 - Adult BH: No Application;Y1 - Adult PCP: No Application;Y2 - Adult PCP: No Application;Y1 - Justice: Eligible;Y2 - Justice: Eligible;Y1 - Peds BH: No Application;Y2 - Peds BH: No Application;Y1 - Peds PCP: No Application;Y2 - Peds PCP: No Application
SANCTUARY SOBER LIVING LLC,Y1 - Adult BH: Eligible;Y2 - Adult BH: Eligible;Y1 - Adult PCP: No Application;Y2 - Adult PCP: No Application;Y1 - Justice: Eligible;Y2 - Justice: Eligible;Y1 - Peds BH: No Application;Y2 - Peds BH: No Application;Y1 - Peds PCP: No Application;Y2 - Peds PCP: No Application
SCOTTSDALE PEDIATRICS & PEDIAT,Y1 - Adult BH: No Application;Y2 - Adult BH: No Application;Y1 - Adult PCP: No Application;Y2 - Adult PCP: No Application;Y1 - Justice: No Application;Y2 - Justice: No Application;Y1 - Peds BH: No Application;Y2 - Peds BH: No Application;Y1 - Peds PCP: Eligible;Y2 - Peds PCP: Eligible
SCOTTSDALE RECOVERY II LLC,Y1 - Adult BH: Eligible;Y2 - Adult BH: Eligible;Y1 - Adult PCP: No Application;Y2 - Adult PCP: No Application;Y1 - Justice: Eligible;Y2 - Justice: Eligible;Y1 - Peds BH: No Application;Y2 - Peds BH: No Application;Y1 - Peds PCP: No Application;Y2 - Peds PCP: No Application
SE AZ BEHAVIORAL HLTH SERVICES,Y1 - Adult BH: Eligible;Y2 - Adult BH: Eligible;Y1 - Adult PCP: No Application;Y2 - Adult PCP: No Application;Y1 - Justice: No Application;Y2 - Justice: No Application;Y1 - Peds BH: No Application;Y2 - Peds BH: No Application;Y1 - Peds PCP: No Application;Y2 - Peds PCP: No Application
SEEK ARIZONA LLC,Y1 - Adult BH: No Application;Y2 - Adult BH: No Application;Y1 - Adult PCP: No Application;Y2 - Adult PCP: No Application;Y1 - Justice: No Application;Y2 - Justice: No Application;Y1 - Peds BH: Eligible;Y2 - Peds BH: Eligible;Y1 - Peds PCP: No Application;Y2 - Peds PCP: No Application
SIRI PRIYAM LLC,Y1 - Adult BH: No Application;Y2 - Adult BH: No Application;Y1 - Adult PCP: Rejected;Y2 - Adult PCP: Rejected;Y1 - Justice: No Application;Y2 - Justice: No Application;Y1 - Peds BH: No Application;Y2 - Peds BH: No Application;Y1 - Peds PCP: No Application;Y2 - Peds PCP: No Application
SJHMC PHYSICIAN SERVICES,Y1 - Adult BH: No Application;Y2 - Adult BH: No Application;Y1 - Adult PCP: Eligible;Y2 - Adult PCP: Eligible;Y1 - Justice: No Application;Y2 - Justice: No Application;Y1 - Peds BH: No Application;Y2 - Peds BH: No Application;Y1 - Peds PCP: Eligible;Y2 - Peds PCP: Eligible
SKYLINE PEDIATRICS PROFESSIONA,Y1 - Adult BH: No Application;Y2 - Adult BH: No Application;Y1 - Adult PCP: No Application;Y2 - Adult PCP: No Application;Y1 - Justice: No Application;Y2 - Justice: No Application;Y1 - Peds BH: No Application;Y2 - Peds BH: No Application;Y1 - Peds PCP: Eligible;Y2 - Peds PCP: Eligible
SOUTHWEST BEHAVIORAL HLTH SRVC,Y1 - Adult BH: Eligible;Y2 - Adult BH: Eligible;Y1 - Adult PCP: Eligible;Y2 - Adult PCP: Eligible;Y1 - Justice: Eligible;Y2 - Justice: Eligible;Y1 - Peds BH: Eligible;Y2 - Peds BH: Eligible;Y1 - Peds PCP: Eligible;Y2 - Peds PCP: Eligible
SOUTHWEST HUMAN DEVELOP INC,Y1 - Adult BH: No Application;Y2 - Adult BH: No Application;Y1 - Adult PCP: No Application;Y2 - Adult PCP: No Application;Y1 - Justice: No Application;Y2 - Justice: No Application;Y1 - Peds BH: Eligible;Y2 - Peds BH: Eligible;Y1 - Peds PCP: No Application;Y2 - Peds PCP: No Application
SOUTHWEST NETWORK INC,Y1 - Adult BH: Eligible;Y2 - Adult BH: Eligible;Y1 - Adult PCP: No Application;Y2 - Adult PCP: No Application;Y1 - Justice: No Application;Y2 - Justice: No Application;Y1 - Peds BH: Eligible;Y2 - Peds BH: Eligible;Y1 - Peds PCP: No Application;Y2 - Peds PCP: No Application
SPECTRUM HEALTHCARE GROUP INC,Y1 - Adult BH: Eligible;Y2 - Adult BH: Eligible;Y1 - Adult PCP: Eligible;Y2 - Adult PCP: Eligible;Y1 - Justice: Eligible;Y2 - Justice: Eligible;Y1 - Peds BH: Eligible;Y2 - Peds BH: Eligible;Y1 - Peds PCP: Eligible;Y2 - Peds PCP: Eligible
STEP BY STEP PEDIATRICS INC,Y1 - Adult BH: No Application;Y2 - Adult BH: No Application;Y1 - Adult PCP: No Application;Y2 - Adult PCP: No Application;Y1 - Justice: No Application;Y2 - Justice: No Application;Y1 - Peds BH: No Application;Y2 - Peds BH: No Application;Y1 - Peds PCP: Eligible;Y2 - Peds PCP: Eligible
SULTAN Y AYOUB RNP PLLC,Y1 - Adult BH: No Application;Y2 - Adult BH: No Application;Y1 - Adult PCP: Withdrawn;Y2 - Adult PCP: Withdrawn;Y1 - Justice: No Application;Y2 - Justice: No Application;Y1 - Peds BH: No Application;Y2 - Peds BH: No Application;Y1 - Peds PCP: Withdrawn;Y2 - Peds PCP: Withdrawn
TEAM 4 KIDS LLC,Y1 - Adult BH: No Application;Y2 - Adult BH: No Application;Y1 - Adult PCP: No Application;Y2 - Adult PCP: No Application;Y1 - Justice: No Application;Y2 - Justice: No Application;Y1 - Peds BH: No Application;Y2 - Peds BH: No Application;Y1 - Peds PCP: Rejected;Y2 - Peds PCP: Rejected
TERROS INC,Y1 - Adult BH: Eligible;Y2 - Adult BH: Eligible;Y1 - Adult PCP: No Application;Y2 - Adult PCP: No Application;Y1 - Justice: Eligible;Y2 - Justice: Eligible;Y1 - Peds BH: No Application;Y2 - Peds BH: No Application;Y1 - Peds PCP: No Application;Y2 - Peds PCP: No Application
THE GUIDANCE CENTER INC,Y1 - Adult BH: Eligible;Y2 - Adult BH: Eligible;Y1 - Adult PCP: Eligible;Y2 - Adult PCP: Eligible;Y1 - Justice: Eligible;Y2 - Justice: Eligible;Y1 - Peds BH: Eligible;Y2 - Peds BH: Eligible;Y1 - Peds PCP: Eligible;Y2 - Peds PCP: Eligible
THE PHOENIX CHILDREN'S CENTER,Y1 - Adult BH: No Application;Y2 - Adult BH: No Application;Y1 - Adult PCP: No Application;Y2 - Adult PCP: No Application;Y1 - Justice: No Application;Y2 - Justice: No Application;Y1 - Peds BH: No Application;Y2 - Peds BH: No Application;Y1 - Peds PCP: Eligible;Y2 - Peds PCP: Eligible
THE RIVER SOURCE TREATMENT CEN,Y1 - Adult BH: Rejected;Y2 - Adult BH: Rejected;Y1 - Adult PCP: No Application;Y2 - Adult PCP: No Application;Y1 - Justice: No Application;Y2 - Justice: No Application;Y1 - Peds BH: No Application;Y2 - Peds BH: No Application;Y1 - Peds PCP: No Application;Y2 - Peds PCP: No Application
TIGER CARE LLC,Y1 - Adult BH: No Application;Y2 - Adult BH: No Application;Y1 - Adult PCP: No Application;Y2 - Adult PCP: No Application;Y1 - Justice: No Application;Y2 - Justice: No Application;Y1 - Peds BH: No Application;Y2 - Peds BH: No Application;Y1 - Peds PCP: No Application;Y2 - Peds PCP: No Application
TLC PEDIATRICS PLLC,Y1 - Adult BH: No Application;Y2 - Adult BH: No Application;Y1 - Adult PCP: No Application;Y2 - Adult PCP: No Application;Y1 - Justice: No Application;Y2 - Justice: No Application;Y1 - Peds BH: No Application;Y2 - Peds BH: No Application;Y1 - Peds PCP: Rejected;Y2 - Peds PCP: Rejected
TMC MEDICAL NETWORK,Y1 - Adult BH: No Application;Y2 - Adult BH: No Application;Y1 - Adult PCP: Eligible;Y2 - Adult PCP: Eligible;Y1 - Justice: No Application;Y2 - Justice: No Application;Y1 - Peds BH: No Application;Y2 - Peds BH: No Application;Y1 - Peds PCP: Eligible;Y2 - Peds PCP: Eligible
TOTAL MEDICAL CARE LLC,Y1 - Adult BH: No Application;Y2 - Adult BH: No Application;Y1 - Adult PCP: Eligible;Y2 - Adult PCP: Eligible;Y1 - Justice: No Application;Y2 - Justice: No Application;Y1 - Peds BH: No Application;Y2 - Peds BH: No Application;Y1 - Peds PCP: Eligible;Y2 - Peds PCP: Eligible
TOUCHSTONE BEHAVIORAL HEALTH,Y1 - Adult BH: No Application;Y2 - Adult BH: No Application;Y1 - Adult PCP: No Application;Y2 - Adult PCP: No Application;Y1 - Justice: No Application;Y2 - Justice: No Application;Y1 - Peds BH: Eligible;Y2 - Peds BH: Eligible;Y1 - Peds PCP: No Application;Y2 - Peds PCP: No Application
TRIPLE M TRANSPORTATION LLC,Y1 - Adult BH: No Application;Y2 - Adult BH: No Application;Y1 - Adult PCP: No Application;Y2 - Adult PCP: No Application;Y1 - Justice: No Application;Y2 - Justice: No Application;Y1 - Peds BH: No Application;Y2 - Peds BH: No Application;Y1 - Peds PCP: No Application;Y2 - Peds PCP: No Application
VALLE DEL SOL INC,Y1 - Adult BH: Eligible;Y2 - Adult BH: Eligible;Y1 - Adult PCP: No Application;Y2 - Adult PCP: No Application;Y1 - Justice: No Application;Y2 - Justice: No Application;Y1 - Peds BH: Eligible;Y2 - Peds BH: Eligible;Y1 - Peds PCP: No Application;Y2 - Peds PCP: No Application
WEE CARE FAMILY CLINIC,Y1 - Adult BH: No Application;Y2 - Adult BH: No Application;Y1 - Adult PCP: No Application;Y2 - Adult PCP: No Application;Y1 - Justice: No Application;Y2 - Justice: No Application;Y1 - Peds BH: No Application;Y2 - Peds BH: No Application;Y1 - Peds PCP: Eligible;Y2 - Peds PCP: Eligible
WEST VALLEY PEDIATRICS PC,Y1 - Adult BH: No Application;Y2 - Adult BH: No Application;Y1 - Adult PCP: No Application;Y2 - Adult PCP: No Application;Y1 - Justice: No Application;Y2 - Justice: No Application;Y1 - Peds BH: No Application;Y2 - Peds BH: No Application;Y1 - Peds PCP: Eligible;Y2 - Peds PCP: Eligible
WEST YAVAPAI GUIDANCE CLINIC I,Y1 - Adult BH: Eligible;Y2 - Adult BH: Eligible;Y1 - Adult PCP: Eligible;Y2 - Adult PCP: Eligible;Y1 - Justice: No Application;Y2 - Justice: No Application;Y1 - Peds BH: Eligible;Y2 - Peds BH: Eligible;Y1 - Peds PCP: No Application;Y2 - Peds PCP: No Application
WILLIAMS FAMILY MEDICINE LLC,Y1 - Adult BH: No Application;Y2 - Adult BH: No Application;Y1 - Adult PCP: Rejected;Y2 - Adult PCP: Rejected;Y1 - Justice: No Application;Y2 - Justice: No Application;Y1 - Peds BH: No Application;Y2 - Peds BH: No Application;Y1 - Peds PCP: Rejected;Y2 - Peds PCP: Rejected
"WRIGHT FAMILY MEDICINE,INC",Y1 - Adult BH: No Application;Y2 - Adult BH: No Application;Y1 - Adult PCP: Eligible;Y2 - Adult PCP: Eligible;Y1 - Justice: No Application;Y2 - Justice: No Application;Y1 - Peds BH: No Application;Y2 - Peds BH: No Application;Y1 - Peds PCP: No Application;Y2 - Peds PCP: No Application
ZION INSTITUTE,Y1 - Adult BH: Withdrawn;Y2 - Adult BH: Withdrawn;Y1 - Adult PCP: Withdrawn;Y2 - Adult PCP: Withdrawn;Y1 - Justice: No Application;Y2 - Justice: No Application;Y1 - Peds BH: Withdrawn;Y2 - Peds BH: Withdrawn;Y1 - Peds PCP: Withdrawn;Y2 - Peds PCP: Withdrawn
